first_name,last_name,email,Remaining Goal Amount
Mariano,Prieto,mariano.prieto@vodafone.it,199200.00
Burghard,Rosenow,burghard.rosenow@hotmail.com,199000.00
Janice,Infantino,janice.infantino@hotmail.com,198600.00
Celia,Ungaretti,celia.ungaretti@fox.com,198500.00
Nath,Rico,nath.rico@yahoo.com,197900.00
Douglas,Amaya,douglas.amaya@favata-brenna.net,197700.00
Rhonda,Phillips,rhonda.phillips@yahoo.com,197600.00
Casey,Flores,casey.flores@baggio.org,196900.00
Irina,Martineau,irina.martineau@gmail.com,196700.00
Dylan,Porzio,dylan.porzio@yahoo.de,196600.00
Svetlana,Montanariello,svetlana.montanariello@putz.de,195900.00
Jerry,Santiago,jerry.santiago@soprano-ferragni.it,195800.00
Christophe,Bohnbach,christophe.bohnbach@ifrance.com,195200.00
Luce,Marty,luce.marty@waehner.org,194900.00
Calogero,Cross,calogero.cross@mercantini.it,194500.00
Maximiliano,Knowles,maximiliano.knowles@gmail.com,193400.00
Giada,Celentano,giada.celentano@evans.net,193200.00
Lisa,Terragni,lisa.terragni@proyectos.com,192900.00
Giustino,Luzi,giustino.luzi@rolland.fr,192100.00
Ilse,Bray,ilse.bray@venturi.it,191500.00
Denis,Rogers,denis.rogers@poste.it,191300.00
Gebhard,Thanel,gebhard.thanel@gmail.com,191200.00
Damaris,Pininfarina,damaris.pininfarina@gmail.com,191000.00
Philip,Perez,philip.perez@hotmail.co.uk,191000.00
Guillermina,Nicholson,guillermina.nicholson@grondin.fr,189500.00
Frida,Villarreal,frida.villarreal@hotmail.de,189400.00
Gunar,Patrick,gunar.patrick@leroy.com,189200.00
Lydia,Berengario,lydia.berengario@aol.de,189200.00
Yvonne,Stout,yvonne.stout@sims.edu,189000.00
Gabino,Blot,gabino.blot@lewis-russell.org,188800.00
Bertrand,Hopkins,bertrand.hopkins@gmail.com,188200.00
Timoteo,Bolnbach,timoteo.bolnbach@laboratorios.com,188100.00
Carmen,Oestrovsky,carmen.oestrovsky@gmail.com,187600.00
Svenja,Perrin,svenja.perrin@berger.com,186700.00
Emilio,Davenport,emilio.davenport@zamora-russo.net,185900.00
Valentine,Acosta,valentine.acosta@peters.net,184800.00
Richard,Andre,richard.andre@porras.org,184100.00
Kimberly,Chan,kimberly.chan@gmail.com,183800.00
Biagio,Valenzuela,biagio.valenzuela@robinson.info,182800.00
Laszlo,Vallee,laszlo.vallee@verdier.com,182400.00
Teresa,Vecellio,teresa.vecellio@yahoo.com,181200.00
Friedl,Powell,friedl.powell@laposte.net,180800.00
Emilia,Vivaldi,emilia.vivaldi@garnier.fr,180400.00
Tracey,Laboy,tracey.laboy@bell.biz,180200.00
Alejandro,Cruz,alejandro.cruz@hotmail.com,180100.00
Ottfried,Marques,ottfried.marques@tyler-watson.info,179100.00
Debra,Langlois,debra.langlois@schmiedecke.com,178200.00
Hailey,Russell,hailey.russell@jourdan.org,178000.00
Toralf,Iglesias,toralf.iglesias@borrego.com,177700.00
Genaro,Briand,genaro.briand@sfr.fr,177700.00
Roberto,Guyot,roberto.guyot@bennett.com,174500.00
Joseph,Glover,joseph.glover@laposte.net,173900.00
Ludovica,Arellano,ludovica.arellano@morandi-argento.com,173800.00
Perla,Figueroa,perla.figueroa@live.com,172700.00
Justine,Mancini,justine.mancini@tiscali.it,172000.00
Steffen,Mangold,steffen.mangold@paul.net,171300.00
Susan,Vigliotti,susan.vigliotti@yahoo.co.uk,171000.00
Gianmarco,Alcaraz,gianmarco.alcaraz@zacchia.net,171000.00
Fanny,Pertile,fanny.pertile@gmail.com,170800.00
Miriam,Oquendo,miriam.oquendo@smith-watson.biz,170700.00
Mason,Potter,mason.potter@gmail.com,170600.00
Geronimo,Pechel,geronimo.pechel@hotmail.com,170600.00
Linda,Franceschi,linda.franceschi@richards.net,170400.00
Marcus,Espino,marcus.espino@comolli.eu,169700.00
Aurore,Rosemann,aurore.rosemann@leoncavallo-rusticucci.com,169400.00
Jake,Wiley,jake.wiley@outlook.com,168700.00
Dimitri,Posada,dimitri.posada@gmail.com,168600.00
Reginald,Hughes,reginald.hughes@gmail.com,168500.00
Leonid,Scholl,leonid.scholl@collin.com,168500.00
Gianfranco,Hethur,gianfranco.hethur@stewart-lee.com.au,167500.00
Heidi,Barker,heidi.barker@gmail.com,167400.00
Stella,Ullrich,stella.ullrich@hotmail.com.au,167400.00
Laura,Buckley,laura.buckley@ryan.org,166700.00
Pedro,Wilson,pedro.wilson@outlook.com,164700.00
Frank,Henry,frank.henry@yahoo.com,164500.00
Charlotte,Duke,charlotte.duke@ochoa.org,164100.00
Gabriella,Avila,gabriella.avila@gmail.com,163800.00
Ottavio,Rust,ottavio.rust@crespi.com,163700.00
Dino,Osborne,dino.osborne@despacho.com,163600.00
Diether,Baeza,diether.baeza@grupo.biz,161900.00
Yves,Mendez,yves.mendez@gmail.com,160400.00
Aurelia,Angiolello,aurelia.angiolello@lord.com,159800.00
Susi,Steinberg,susi.steinberg@preiss.com,158100.00
Alphonse,Nitto,alphonse.nitto@voila.fr,157600.00
Karolin,Johann,karolin.johann@hotmail.com,157600.00
Noelia,Romo,noelia.romo@yahoo.com,157300.00
Cynthia,Robinson,cynthia.robinson@gilles.net,156800.00
Mattia,Huet,mattia.huet@aol.de,156800.00
Kathrin,Godfrey,kathrin.godfrey@tele2.fr,155200.00
Thierry,Schwartz,thierry.schwartz@travaglio.net,154500.00
Alejandra,Joseph,alejandra.joseph@escalante-abrego.biz,154300.00
Hanno,Gollum,hanno.gollum@smith.com,153800.00
Lauretta,Neal,lauretta.neal@hotmail.de,153700.00
Reynaldo,Wagenknecht,reynaldo.wagenknecht@faure.com,153700.00
Chantal,Armas,chantal.armas@jenkins.net,153700.00
Gail,Petrocelli,gail.petrocelli@yahoo.com,153600.00
Meryem,Tapia,meryem.tapia@yahoo.com,152400.00
Nelly,Marsh,nelly.marsh@hotmail.it,151300.00
Hugh,Cantu,hugh.cantu@libero.it,150600.00
Rebecca,Greer,rebecca.greer@hotmail.com,150500.00
Valentina,Pages,valentina.pages@hotmail.de,149600.00
Seth,Olivier,seth.olivier@yahoo.com,148500.00
Annalisa,Pugh,annalisa.pugh@hotmail.fr,148400.00
Stefano,Lemonnier,stefano.lemonnier@binner.com,147800.00
Janko,Bishop,janko.bishop@tim.it,147800.00
Eric,Barnes,eric.barnes@barrett-winter.com,146400.00
Colette,Ryan,colette.ryan@hotmail.com,145600.00
Isidor,Carpenter,isidor.carpenter@chauvin.com,145500.00
Vito,Dossi,vito.dossi@hotmail.co.uk,145000.00
Josette,Laine,josette.laine@saracino-parisi.net,143900.00
Sarah,Davis,sarah.davis@david.com,142400.00
Guadalupe,Munoz,guadalupe.munoz@murray-hamilton.com.au,141100.00
Carly,Summers,carly.summers@yahoo.co.uk,140800.00
Amador,Riley,amador.riley@hotmail.com,140300.00
Leo,Petruzzi,leo.petruzzi@yahoo.com,140000.00
Elias,Marin,elias.marin@herve.net,139500.00
Marcela,Ferrante,marcela.ferrante@gmx.de,139000.00
Alfonso,Finetti,alfonso.finetti@quiroz.com,138700.00
Giampiero,Carlier,giampiero.carlier@hotmail.com,137900.00
Celal,Fischer,celal.fischer@aol.de,137600.00
Irmi,Schweitzer,irmi.schweitzer@ozuna.com,137200.00
Ahmad,Sosa,ahmad.sosa@gmail.com,136800.00
Hortense,Taylor,hortense.taylor@chambers.biz,136300.00
Geraldine,Cabrera,geraldine.cabrera@green-smith.info,135600.00
Brenda,Sontag,brenda.sontag@solari.com,135500.00
Tina,Rodriguez,tina.rodriguez@web.de,134600.00
Kirsty,Lamy,kirsty.lamy@alonzi.it,134400.00
Alvaro,Lemus,alvaro.lemus@yahoo.com,134300.00
Lina,Alcala,lina.alcala@vespa.net,131800.00
Ingeborg,Alba,ingeborg.alba@hotmail.com,130800.00
Lauren,Guillaume,lauren.guillaume@sorgatz.org,129400.00
Jared,Ferguson,jared.ferguson@roberts.com,129100.00
Cindy,Castillo,cindy.castillo@virgilio.it,128900.00
Gilberto,Evans,gilberto.evans@salcedo-archuleta.net,128100.00
Thomas,Hutchinson,thomas.hutchinson@gmx.de,128000.00
Tom,Leconte,tom.leconte@woods-johnson.com,125900.00
Logan,Hornich,logan.hornich@tin.it,125600.00
Stewart,Hunt,stewart.hunt@anderson-vargas.biz,125500.00
Augustin,Wohlgemut,augustin.wohlgemut@watson.info,125400.00
Volkmar,Gauthier,volkmar.gauthier@hotmail.com,123600.00
Glen,Faivre,glen.faivre@yahoo.com,122900.00
Marliese,Oneal,marliese.oneal@gmail.com,121700.00
Geza,Howard,geza.howard@voila.fr,121700.00
Gretchen,Serna,gretchen.serna@pichon.org,121600.00
Eleni,Aponte,eleni.aponte@club-internet.fr,121600.00
Astrid,Roht,astrid.roht@fastwebnet.it,121500.00
Elvira,Papafava,elvira.papafava@ifrance.com,121500.00
Stephen,Pratesi,stephen.pratesi@hotmail.com,121400.00
Dina,Gibbons,dina.gibbons@brewer.net,121100.00
Marcantonio,Bennett,marcantonio.bennett@hopkins.com.au,120700.00
Joe,Michaud,joe.michaud@yahoo.fr,119800.00
Abril,Lowery,abril.lowery@novak.net,119200.00
Aimee,Foconi,aimee.foconi@outlook.com,118400.00
Ivo,Moreno,ivo.moreno@hotmail.com,118200.00
Korinna,Arnold,korinna.arnold@zapata-saenz.biz,118200.00
Gianluca,Beck,gianluca.beck@green.biz,118000.00
Olivia,Striebitz,olivia.striebitz@gmail.com,117900.00
Jorge,Monti,jorge.monti@clement.fr,117000.00
Mateo,Sorrentino,mateo.sorrentino@calderon.com,116500.00
Antoinette,Cox,antoinette.cox@bustamante.com,116300.00
Cilli,Watts,cilli.watts@yahoo.com,115600.00
Emine,Tacchini,emine.tacchini@dbmail.com,115000.00
Antonia,Kline,antonia.kline@gmail.com,114800.00
Modesto,Wright,modesto.wright@pareto.com,114400.00
Toby,Etzler,toby.etzler@industrias.com,114300.00
Amelia,Olvera,amelia.olvera@hotmail.com,113800.00
Alonso,Palomo,alonso.palomo@gehringer.de,113500.00
Gastone,Beyer,gastone.beyer@stewart-sanchez.edu,112300.00
Vincent,Singh,vincent.singh@gmail.com,112100.00
Rafael,Alexander,rafael.alexander@jenkins.com,111900.00
Michelangelo,Hess,michelangelo.hess@bouygtel.fr,111100.00
Christine,Hiller,christine.hiller@yahoo.com,110800.00
Cornelio,Guardado,cornelio.guardado@gmail.com,110300.00
Ariadna,Geisel,ariadna.geisel@rangel.com,110100.00
Sergius,Mace,sergius.mace@palazzo.com,109000.00
Amber,Weller,amber.weller@toso.eu,108800.00
Eloy,Renzi,eloy.renzi@gmail.com,108700.00
Marta,Huynh,marta.huynh@hernandez.info,108500.00
Sofie,Woods,sofie.woods@riviere.com,108400.00
Allen,Gates,allen.gates@gmail.com,108400.00
Yolanda,Snyder,yolanda.snyder@gmx.de,107500.00
Marisela,Mende,marisela.mende@godoy-enriquez.com,106800.00
Christopher,Poirier,christopher.poirier@hotmail.com,106400.00
Jacinto,Rose,jacinto.rose@yahoo.com,105300.00
Edelgard,Kreusel,edelgard.kreusel@hotmail.com,105000.00
Adina,Pollard,adina.pollard@outlook.com,104400.00
Leon,Baker,leon.baker@hotmail.com,103200.00
Donald,Reynaud,donald.reynaud@green.edu.au,103200.00
Alessio,Bruneau,alessio.bruneau@hotmail.co.uk,102900.00
Hanne,Kidd,hanne.kidd@yahoo.com,102500.00
Giulietta,Lucas,giulietta.lucas@club.com,101400.00
Dustin,Camacho,dustin.camacho@rhodes.org.au,101000.00
Arcelia,Babati,arcelia.babati@orange.fr,99500.00
Evangelos,Peters,evangelos.peters@sanchez.net,99500.00
Conor,Reinhardt,conor.reinhardt@yahoo.com.au,98800.00
Konrad,Briones,konrad.briones@fierro.com,98700.00
Anita,Galindo,anita.galindo@gmail.com,98700.00
Rosa,Paul,rosa.paul@bien.com,98600.00
Oreste,Ward,oreste.ward@proyectos.com,97800.00
Josh,Cimarosa,josh.cimarosa@hotmail.com,97600.00
Whitney,Noack,whitney.noack@laboratorios.org,97300.00
Terri,Iannelli,terri.iannelli@hotmail.com,97300.00
Cristina,Chevalier,cristina.chevalier@proyectos.com,97200.00
Egon,Caron,egon.caron@hotmail.com,97100.00
Bianca,Drubin,bianca.drubin@libero.it,96700.00
Liliana,Barber,liliana.barber@libero.it,96700.00
Alfredo,Ingram,alfredo.ingram@hotmail.com,96500.00
Sharon,Diallo,sharon.diallo@gmail.com,94900.00
Claudio,Reuter,claudio.reuter@morgan-collins.org.au,94900.00
Franco,Fioravanti,franco.fioravanti@barry-gill.com.au,94500.00
Anouk,Pace,anouk.pace@gmail.com,94300.00
Rhys,Leiva,rhys.leiva@gmx.de,94200.00
Itzel,Murphy,itzel.murphy@muelichen.de,94000.00
Mathilde,Kruschwitz,mathilde.kruschwitz@yahoo.com,93800.00
Maik,Beasley,maik.beasley@harper-brooks.biz,93800.00
Stefani,Ughi,stefani.ughi@hotmail.it,92500.00
Brian,Novak,brian.novak@ford.net,92400.00
Zacharie,Cordier,zacharie.cordier@gmail.com,92100.00
Johnathan,Guidotti,johnathan.guidotti@cox-sanchez.net,91400.00
Kendra,David,kendra.david@allan-morton.com,90600.00
Pierina,Gaggini,pierina.gaggini@free.fr,90400.00
Tyler,Rivera,tyler.rivera@guajardo-ozuna.com,90200.00
Aldo,Cibin,aldo.cibin@gmx.de,89900.00
Pina,Passalacqua,pina.passalacqua@yahoo.co.uk,89900.00
Emiliano,Wells,emiliano.wells@gmx.de,89100.00
Carmine,Gonzales,carmine.gonzales@schleich.net,88900.00
Brett,Jones,brett.jones@alice.it,88800.00
Carlos,Delle,carlos.delle@hicks.com,88700.00
Lilija,Charles,lilija.charles@gmail.com,88400.00
Benita,Pottier,benita.pottier@sfr.fr,87900.00
Christy,Grossi,christy.grossi@alarcon-tafoya.com,87300.00
Conchita,Pagliaro,conchita.pagliaro@googlemail.com,86400.00
Laurence,Lucero,laurence.lucero@martin.org,86200.00
Dulce,Adinolfi,dulce.adinolfi@hotmail.com,85900.00
Carlo,Jacquot,carlo.jacquot@hotmail.com,85600.00
Lucia,Riviere,lucia.riviere@samaniego.biz,85000.00
Pomponio,Comencini,pomponio.comencini@hotmail.co.uk,84900.00
Martha,Girard,martha.girard@web.de,84600.00
Lilia,Lollobrigida,lilia.lollobrigida@le.com,84500.00
Grit,Knight,grit.knight@web.de,84500.00
Isabel,Pruschke,isabel.pruschke@gmail.com,84400.00
Sylvia,Bonomo,sylvia.bonomo@poulain.com,84400.00
Karen,Avogadro,karen.avogadro@yahoo.com,84300.00
Emmanuelle,Keller,emmanuelle.keller@morton-clarke.com,83300.00
Maurice,Gumprich,maurice.gumprich@griffin.net.au,83000.00
Meta,Cuzzocrea,meta.cuzzocrea@howard-jensen.org,82800.00
Brittany,Tran,brittany.tran@tele2.it,81600.00
Erin,Weinhold,erin.weinhold@hotmail.fr,81300.00
Kerry,Patel,kerry.patel@hutchinson.com,81200.00
Vittorio,Caccioppoli,vittorio.caccioppoli@yahoo.com,81000.00
Pellegrino,Allen,pellegrino.allen@gmail.com,80500.00
Krystal,Ammaniti,krystal.ammaniti@barbier.fr,79400.00
Raphaela,Gotthard,raphaela.gotthard@outlook.com,77000.00
Antonina,Cobb,antonina.cobb@gibson.org,76100.00
Jessica,Martinez,jessica.martinez@salieri.com,75100.00
Courtney,Fiebig,courtney.fiebig@doerschner.com,75000.00
Jean,Berthelot,jean.berthelot@oscuro.it,74700.00
Rachel,Ulibarri,rachel.ulibarri@schueler.com,74100.00
Lea,Merle,lea.merle@stey.de,73800.00
Manuel,Gracia,manuel.gracia@trussardi.eu,73000.00
Sara,Erickson,sara.erickson@yahoo.de,72600.00
Paige,Hill,paige.hill@jones.org.au,72400.00
Henry,Gucci,henry.gucci@leleu.fr,72100.00
Darren,Bernardi,darren.bernardi@brooks-martin.com,71500.00
Patrizia,Wilms,patrizia.wilms@dbmail.com,71200.00
Corinne,Mitschke,corinne.mitschke@hauffer.net,71100.00
Catherine,Gray,catherine.gray@hotmail.com,70700.00
Venancio,Stadelmann,venancio.stadelmann@gmx.de,70600.00
Todd,Douglas,todd.douglas@web.de,70400.00
Evelyn,Haynes,evelyn.haynes@clark.info,70300.00
Giuseppina,Tanguy,giuseppina.tanguy@wanadoo.fr,70200.00
Beate,Morgan,beate.morgan@gmail.com,69900.00
Heather,Zimmer,heather.zimmer@bluemel.de,69800.00
Jennifer,Giraud,jennifer.giraud@yahoo.com,69700.00
Amedeo,Bradford,amedeo.bradford@yahoo.com,68800.00
Herbert,Fraser,herbert.fraser@holloway.org.au,67800.00
Gareth,Comolli,gareth.comolli@tiscali.fr,66600.00
Joanne,Henderson,joanne.henderson@gmail.com,66200.00
Anne,Snow,anne.snow@gmail.com,66100.00
Enrique,Guillen,enrique.guillen@hotmail.co.uk,64300.00
Severino,Linares,severino.linares@angeli.com,63400.00
Dana,Ritacca,dana.ritacca@gmail.com,63200.00
Gerdi,Guerrero,gerdi.guerrero@tele2.fr,62800.00
Amanda,Palmer,amanda.palmer@didier.fr,62500.00
Alec,Ho,alec.ho@parra-esparza.com,62300.00
Herma,Gabbana,herma.gabbana@hotmail.com,61600.00
Philippe,Gardner,philippe.gardner@howells-jones.net,61500.00
Luke,Klein,luke.klein@hotmail.com,61400.00
Shelly,Guichard,shelly.guichard@gmail.com,61200.00
Constance,Maldonado,constance.maldonado@spiess.net,60900.00
Zaira,Cattaneo,zaira.cattaneo@yahoo.com,60400.00
Nino,Bien,nino.bien@gmail.com,60200.00
Julian,Noble,julian.noble@hill.org.au,60200.00
Jose,Huang,jose.huang@gmx.de,59700.00
Christian,Anderson,christian.anderson@tim.it,59700.00
Omar,Fonseca,omar.fonseca@grupo.org,59200.00
Heiko,Bourgeois,heiko.bourgeois@togliatti.com,59100.00
Filippo,Parry,filippo.parry@live.com,59100.00
Martyn,Caldera,martyn.caldera@hotmail.co.uk,57800.00
Milan,Montenegro,milan.montenegro@langern.com,56800.00
Monique,Delgadillo,monique.delgadillo@hotmail.co.uk,56000.00
Renato,Murillo,renato.murillo@club.com,55800.00
Michele,Brambilla,michele.brambilla@yahoo.com,54700.00
Clayton,Salcedo,clayton.salcedo@hotmail.co.uk,54300.00
Henriette,Lang,henriette.lang@mimun.it,54000.00
Enrico,Fabre,enrico.fabre@gmail.com,53100.00
Raisa,Poulain,raisa.poulain@fastwebnet.it,52600.00
Andrea,Arroyo,andrea.arroyo@yahoo.com.au,52000.00
Raffaella,Esquivel,raffaella.esquivel@gmail.com,51400.00
Zeferino,Barrera,zeferino.barrera@zedillo-velazquez.com,51300.00
Simone,Sauvage,simone.sauvage@yahoo.com,51100.00
Folker,Swanson,folker.swanson@rodrigues.fr,50500.00
Amalia,Marenzio,amalia.marenzio@grupo.com,50200.00
Johanne,Strong,johanne.strong@yahoo.de,49700.00
Ronald,Simpson,ronald.simpson@ovadia.net,48900.00
Alfio,Roman,alfio.roman@hotmail.co.uk,48800.00
Jordan,Rowe,jordan.rowe@outlook.com,48500.00
Florentine,Saraceno,florentine.saraceno@gmail.com,48300.00
Ennio,Leoncavallo,ennio.leoncavallo@sanchez.org,47900.00
Hermelinda,Olmos,hermelinda.olmos@portillo.com,46300.00
Carl,Macias,carl.macias@yahoo.com,46100.00
Marina,Madrid,marina.madrid@galarza-alba.com,45900.00
Ilaria,Bowen,ilaria.bowen@hotmail.it,45600.00
Kelly,Carter,kelly.carter@hotmail.com.au,45300.00
Eleanor,Hall,eleanor.hall@hotmail.com,44500.00
Alyssa,Brun,alyssa.brun@chittolini-spadafora.it,43800.00
Tonia,Coleman,tonia.coleman@hotmail.com,43800.00
Roberta,Finzi,roberta.finzi@knight-davies.co.uk,43200.00
Leila,Washington,leila.washington@gmail.com,43000.00
Loretta,Mallet,loretta.mallet@sansoni-toscani.it,42800.00
Bernadette,Wang,bernadette.wang@gmail.com,42700.00
Branko,Chambers,branko.chambers@ifrance.com,42600.00
Eugenio,Martin,eugenio.martin@yahoo.de,42600.00
Bethan,Giacometti,bethan.giacometti@gmail.com,42100.00
Hiltrud,Thibault,hiltrud.thibault@barbe.com,42100.00
Tracy,Metz,tracy.metz@bryant.info,41700.00
Gioffre,Stein,gioffre.stein@hotmail.com.au,41500.00
Gabriela,Padilla,gabriela.padilla@pearson-russell.com,41000.00
Ethan,Duhamel,ethan.duhamel@sfr.fr,40200.00
Allegra,Benedetti,allegra.benedetti@miller.com,39500.00
Sam,Adams,sam.adams@yahoo.com,39400.00
Christiane,Ricciardi,christiane.ricciardi@zavala.com,39300.00
Alice,Wall,alice.wall@zaccardo.it,38900.00
Dawn,Cortez,dawn.cortez@gmail.com,38800.00
Kristy,Bartlett,kristy.bartlett@outlook.com,38500.00
Walther,Duarte,walther.duarte@web.de,38200.00
Pompeo,Bourdon,pompeo.bourdon@gmail.com,37100.00
Livia,Ernst,livia.ernst@colas.fr,37100.00
Roman,Gonzalez,roman.gonzalez@anderson.net,36400.00
Randy,Alfieri,randy.alfieri@verri.org,35600.00
Carole,Nohlmans,carole.nohlmans@yahoo.com,35000.00
Antje,Voisin,antje.voisin@gmail.com,33800.00
Irma,Gemito,irma.gemito@googlemail.com,33700.00
Kurt,Sauer,kurt.sauer@almanza.biz,33600.00
Marguerite,Walls,marguerite.walls@martinez.fr,33300.00
Romeo,Surian,romeo.surian@batista.com,32900.00
Branka,Traore,branka.traore@jacobi.com,31400.00
Thibaut,Camarillo,thibaut.camarillo@hotmail.com,31200.00
Walburga,Vollbrecht,walburga.vollbrecht@aol.de,29600.00
Kata,Mena,kata.mena@gmail.com,29600.00
Emmanuel,Dominguez,emmanuel.dominguez@gmail.com,29600.00
Sonia,Volta,sonia.volta@gmx.de,29500.00
Dietmar,Grenier,dietmar.grenier@tele2.it,29400.00
Belinda,Gamez,belinda.gamez@leleu.com,28800.00
Marvin,Howe,marvin.howe@gmail.com,28400.00
Reinhilde,White,reinhilde.white@voila.fr,28200.00
Baccio,Marcacci,baccio.marcacci@laposte.net,27500.00
Jason,Howell,jason.howell@gmx.de,27100.00
Marcella,Govoni,marcella.govoni@barkholz.net,26500.00
Hannah,Jockel,hannah.jockel@ceravolo-tonisto.eu,25600.00
Luciana,Petitjean,luciana.petitjean@patterson-cole.biz,25500.00
Adalberto,Lombardo,adalberto.lombardo@sfr.fr,25000.00
Jacqueline,Germano,jacqueline.germano@valette.fr,23400.00
James,Elliott,james.elliott@gmail.com,23300.00
Franck,Wade,franck.wade@gute.org,22500.00
William,Gibilisco,william.gibilisco@gaillard.com,20700.00
Fulvio,Curiel,fulvio.curiel@reynolds.com,20100.00
Lucie,Redi,lucie.redi@googlemail.com,20000.00
Giulio,Bohlander,giulio.bohlander@dbmail.com,20000.00
Nicola,Rossi,nicola.rossi@berry.org,19800.00
Maura,Ravaglioli,maura.ravaglioli@yahoo.com,19800.00
Giacobbe,Owens,giacobbe.owens@huet.fr,18900.00
Alexandre,Serrano,alexandre.serrano@yahoo.co.uk,18000.00
Luigi,Bonnet,luigi.bonnet@carriera-federico.it,17700.00
Eitel,Lombard,eitel.lombard@thomas.net,17100.00
Anthony,Hauffer,anthony.hauffer@tlustek.org,16800.00
Soledad,Soto,soledad.soto@hotmail.de,16200.00
Ricky,Harrell,ricky.harrell@martin.edu,15800.00
Gino,Hernandez,gino.hernandez@covarrubias.com,15800.00
Eugenia,Zichichi,eugenia.zichichi@yahoo.com,14900.00
Ugo,Harrison,ugo.harrison@morley-chapman.co.uk,14500.00
Clinton,Mason,clinton.mason@yahoo.com,10000.00
Beatriz,Moulin,beatriz.moulin@pinto.com,10000.00
Pia,Burgess,pia.burgess@proyectos.org,10000.00
Marzena,Carrero,marzena.carrero@roskoth.de,10000.00
Nathalie,Alvarez,nathalie.alvarez@live.com,10000.00
Tomislav,Stoppani,tomislav.stoppani@corporacin.org,10000.00
Tadeusz,Medina,tadeusz.medina@jackson-clark.net,10000.00
Alexandria,Best,alexandria.best@yahoo.co.uk,9900.00
John,Lane,john.lane@gregoire.fr,9900.00
Hartmuth,Robertson,hartmuth.robertson@thomas.edu.au,9900.00
Katarina,Clarke,katarina.clarke@hotmail.com.au,9900.00
Micheletto,Sykes,micheletto.sykes@thompson-thompson.com,9800.00
Lorraine,Crawford,lorraine.crawford@gmail.com,9800.00
Dolores,Didier,dolores.didier@yahoo.com.au,9800.00
Beth,Miniati,beth.miniati@hudson.net,9800.00
Shane,Fernandez,shane.fernandez@hotmail.de,9800.00
Jelena,Stiffel,jelena.stiffel@trupp.de,9800.00
Letizia,Gulotta,letizia.gulotta@howard.biz,9800.00
Robin,Schleich,robin.schleich@rogers-barrera.biz,9800.00
Bettina,Norbiato,bettina.norbiato@allen-lutz.org,9800.00
Stacey,Knox,stacey.knox@corporacin.com,9700.00
Isabella,Deleon,isabella.deleon@web.de,9700.00
Hilary,Clark,hilary.clark@libero.it,9700.00
Erika,Toussaint,erika.toussaint@sfr.fr,9700.00
Monica,Mohaupt,monica.mohaupt@live.com,9700.00
Judith,Butte,judith.butte@fischer-vaughn.info,9600.00
Kathleen,Solimena,kathleen.solimena@wallace.biz,9600.00
Dennis,Boaga,dennis.boaga@gmx.de,9600.00
Ernesto,Nerger,ernesto.nerger@middleton.co.uk,9600.00
Mirko,Townsend,mirko.townsend@schmitt.com,9600.00
Fortunata,Schneider,fortunata.schneider@tiscali.it,9600.00
Samantha,Lowe,samantha.lowe@praga.it,9500.00
Virginia,Caetani,virginia.caetani@sosa.biz,9500.00
Andrew,Torres,andrew.torres@ruiz-torres.org,9500.00
Melania,Klemm,melania.klemm@seidel.com,9500.00
Sean,Mielcarek,sean.mielcarek@gmail.com,9500.00
Bernardo,Wieloch,bernardo.wieloch@budig.com,9400.00
Marco,Vittadello,marco.vittadello@gmail.com,9400.00
Piermaria,Laporte,piermaria.laporte@wesack.com,9400.00
Patrizio,Cisneros,patrizio.cisneros@martinez.edu.au,9400.00
Sonja,Patberg,sonja.patberg@hotmail.com,9400.00
Harald,Roy,harald.roy@web.de,9400.00
Charles,Begum,charles.begum@laboratorios.info,9400.00
Camille,Tafuri,camille.tafuri@aol.de,9300.00
Zbigniew,Holmes,zbigniew.holmes@stiffel.net,9300.00
Gian,Long,gian.long@hotmail.com,9300.00
Laure,Traetta,laure.traetta@kay-perkins.co.uk,9300.00
Ian,Kelly,ian.kelly@reeves.com.au,9300.00
Erica,Zambrano,erica.zambrano@gmail.com,9300.00
Bill,Gallagher,bill.gallagher@green.com,9200.00
Derrick,Little,derrick.little@small.org,9200.00
Rita,Sharp,rita.sharp@beard-scott.edu.au,9200.00
Andrey,Faure,andrey.faure@frederick-mitchell.info,9200.00
Kim,Webb,kim.webb@yahoo.com.au,9200.00
Madeleine,Cooper,madeleine.cooper@poste.it,9100.00
Blanka,Villareal,blanka.villareal@monduzzi.net,9100.00
Janet,Madrigal,janet.madrigal@gmail.com,9100.00
Stephanie,King,stephanie.king@cervantes.com,9100.00
Kenneth,Hurst,kenneth.hurst@meunier.net,9100.00
Enzio,Campos,enzio.campos@tim.it,9100.00
Cameron,Ocampo,cameron.ocampo@hotmail.com.au,9100.00
Gerda,Cook,gerda.cook@tin.it,9100.00
Sheila,Goodwin,sheila.goodwin@yahoo.com,9000.00
Thibault,Savorgnan,thibault.savorgnan@butler.biz,9000.00
Espartaco,Willis,espartaco.willis@hotmail.com,9000.00
Rodney,Hamon,rodney.hamon@hotmail.com,9000.00
Ermenegildo,Holzapfel,ermenegildo.holzapfel@aol.de,9000.00
Santiago,Berry,santiago.berry@aol.de,9000.00
Philippine,Vaca,philippine.vaca@hotmail.com,9000.00
Elsa,Cugia,elsa.cugia@yahoo.com,9000.00
Leokadia,Verdier,leokadia.verdier@hotmail.com.au,9000.00
Marissa,Gaito,marissa.gaito@reed-campbell.edu,8900.00
Raven,Pinto,raven.pinto@hotmail.com,8900.00
Kevin,Delahaye,kevin.delahaye@ellis-wilson.com,8900.00
Penny,Watson,penny.watson@matthews.net,8900.00
Florencia,Querini,florencia.querini@gmail.com,8800.00
Coriolano,Higgins,coriolano.higgins@murphy.org.au,8800.00
Abdul,Thomas,abdul.thomas@vasari.com,8800.00
Nuray,Anguillara,nuray.anguillara@yahoo.co.uk,8800.00
Pero,Joly,pero.joly@bernard.net,8800.00
Natalia,Seifert,natalia.seifert@ifrance.com,8800.00
Brunhilde,Fletcher,brunhilde.fletcher@schomber.de,8800.00
Berthold,Randall,berthold.randall@mcdonald.com,8800.00
Giuseppe,Lee,giuseppe.lee@mahe.org,8700.00
Slobodan,Camiscione,slobodan.camiscione@hotmail.com,8700.00
Jeffrey,Trommler,jeffrey.trommler@yahoo.com,8700.00
Graham,Bajardi,graham.bajardi@yahoo.com,8700.00
Umberto,Hicks,umberto.hicks@hill.com,8700.00
Matthew,Velasquez,matthew.velasquez@gmail.com,8700.00
Swantje,Lomeli,swantje.lomeli@gmx.de,8700.00
Tony,Nicolas,tony.nicolas@morrocco-seddio.net,8600.00
Caroline,Reeves,caroline.reeves@yahoo.com,8600.00
Ryan,Kim,ryan.kim@noos.fr,8600.00
Arnaude,Warner,arnaude.warner@gmail.com,8600.00
Catalina,Pizzetti,catalina.pizzetti@tim.it,8600.00
Rotraud,Mitchell,rotraud.mitchell@laboratorios.com,8600.00
Ettore,Amaldi,ettore.amaldi@germain.com,8500.00
Katherina,Barrientos,katherina.barrientos@trobbiani.eu,8500.00
Pierpaolo,Scaduto,pierpaolo.scaduto@sanders-gibson.com.au,8500.00
Ellie,Galarza,ellie.galarza@pareto-cattaneo.net,8400.00
Victoria,Ojeda,victoria.ojeda@doehn.com,8400.00
Estela,Segovia,estela.segovia@vodafone.it,8400.00
Ben,Maillot,ben.maillot@ramos.net,8400.00
Brent,Pons,brent.pons@proyectos.net,8400.00
Olivie,Contarini,olivie.contarini@marshall-wright.biz,8400.00
Alban,Barbier,alban.barbier@ortiz.org,8300.00
Jonas,Badoer,jonas.badoer@kennedy.biz,8300.00
Liam,Rolland,liam.rolland@yahoo.fr,8300.00
Diane,Rogner,diane.rogner@kelly.co.uk,8300.00
Damian,Pulido,damian.pulido@yahoo.de,8300.00
Lolita,Borrego,lolita.borrego@gmail.com,8300.00
Adrian,Noel,adrian.noel@perrin.com,8300.00
Jemma,Tate,jemma.tate@hotmail.de,8200.00
Vicente,Tijerina,vicente.tijerina@montanariello.com,8200.00
Timothy,Weitzel,timothy.weitzel@gmail.com,8200.00
Lorenzo,Roero,lorenzo.roero@hotmail.co.uk,8200.00
Patricia,Liebelt,patricia.liebelt@baca.org,8100.00
Natasha,Lara,natasha.lara@outlook.com,8100.00
Fabrizia,Renard,fabrizia.renard@higgins-marks.com,8100.00
Veronica,Trapp,veronica.trapp@tiscali.it,8100.00
Victoire,Travaglia,victoire.travaglia@zacchia.com,8100.00
Gerald,Olivera,gerald.olivera@outlook.com,8100.00
Istvan,Draghi,istvan.draghi@ifrance.com,8100.00
Antonino,Bolander,antonino.bolander@gmail.com,8000.00
Jeremy,Gomez,jeremy.gomez@oconnor.org,8000.00
Karina,Arreola,karina.arreola@yahoo.com.au,8000.00
Carla,Butler,carla.butler@yahoo.com,8000.00
Angelo,Lozano,angelo.lozano@macias.com,8000.00
Corrado,Warren,corrado.warren@hotmail.com.au,7900.00
Marisa,Renaud,marisa.renaud@smith.org,7900.00
Birgit,Pena,birgit.pena@armellini.it,7900.00
Werner,Kallert,werner.kallert@gmail.com,7900.00
Steven,Folliero,steven.folliero@noos.fr,7900.00
Katharine,Zaccagnini,katharine.zaccagnini@hotmail.com,7900.00
Puccio,Kitzmann,puccio.kitzmann@yahoo.com,7900.00
Pascual,Corradi,pascual.corradi@lopez.net.au,7900.00
Louis,Gilbert,louis.gilbert@gmail.com,7800.00
Alphons,Simmons,alphons.simmons@hotmail.com,7800.00
Phyllis,Gurule,phyllis.gurule@rodriguez-pham.com,7800.00
Matthieu,Mcdonald,matthieu.mcdonald@morrison.org,7800.00
Vincentio,Sanders,vincentio.sanders@voila.fr,7800.00
Uriel,Holt,uriel.holt@gmail.com,7800.00
Maggie,Boito,maggie.boito@yahoo.com,7800.00
Terry,Ramirez,terry.ramirez@hotmail.co.uk,7800.00
Aaron,Anaya,aaron.anaya@hotmail.com.au,7800.00
Ramona,Brooks,ramona.brooks@kensy.de,7800.00
Sole,Trevino,sole.trevino@hotmail.com,7700.00
Eraldo,Schmiedt,eraldo.schmiedt@hotmail.de,7700.00
Kristie,Garrett,kristie.garrett@wernecke.com,7700.00
Gerardo,Hamilton,gerardo.hamilton@libero.it,7700.00
Ruggero,Parpinel,ruggero.parpinel@gmail.com,7700.00
Luis,Edwards,luis.edwards@live.com,7600.00
Juliette,Preston,juliette.preston@gmail.com,7600.00
Pauline,Ackermann,pauline.ackermann@arredondo-roque.com,7600.00
Evangelista,Pereira,evangelista.pereira@thompson-peterson.biz,7600.00
Samuel,Sorgatz,samuel.sorgatz@gmail.com,7600.00
Socorro,Luna,socorro.luna@hotmail.com,7600.00
Margot,Tomaselli,margot.tomaselli@junck.org,7500.00
Randall,Connolly,randall.connolly@jovinelli-castelli.com,7500.00
Ron,Cavazos,ron.cavazos@yahoo.com,7500.00
Angelina,Davies,angelina.davies@hotmail.com,7500.00
Lilla,Leonard,lilla.leonard@jungfer.com,7500.00
Brandon,Olson,brandon.olson@prince-moreno.net,7400.00
Desiree,Huerta,desiree.huerta@morris.com,7400.00
Bekir,Normand,bekir.normand@yahoo.de,7400.00
Kasimir,Jaime,kasimir.jaime@gmail.com,7400.00
Babette,Dumas,babette.dumas@brady.net,7300.00
Federigo,Karge,federigo.karge@bohlander.com,7300.00
Karla,Medici,karla.medici@yahoo.com,7300.00
Megan,Kuhl,megan.kuhl@despacho.com,7300.00
Mauricio,Saunders,mauricio.saunders@hotmail.co.uk,7300.00
Allan,Emanuelli,allan.emanuelli@fernandes.org,7300.00
Grace,Kroker,grace.kroker@hotmail.com,7200.00
Tammy,Ramazzotti,tammy.ramazzotti@gmail.com,7200.00
Wilfrido,Lorch,wilfrido.lorch@leclerc.fr,7200.00
Peter,Vogt,peter.vogt@yahoo.com,7200.00
Reingard,Kambs,reingard.kambs@sagese.eu,7200.00
Luc,Quinn,luc.quinn@walker.com,7200.00
Alf,Bates,alf.bates@dunn.com,7200.00
Jos,Trobbiani,jos.trobbiani@samson.com,7200.00
Gerd,Gunpf,gerd.gunpf@gmail.com,7200.00
Emily,Cundari,emily.cundari@clark.com.au,7200.00
Livio,Rosselli,livio.rosselli@green.co.uk,7100.00
Trevor,Granados,trevor.granados@gmail.com,7100.00
Lara,Jacob,lara.jacob@buckley.org,7100.00
June,Sinisi,june.sinisi@manzoni-giannini.it,7100.00
Manfred,James,manfred.james@davies.org,7100.00
Arthur,Salazar,arthur.salazar@yahoo.com.au,7100.00
Heiderose,Garcia,heiderose.garcia@noos.fr,7100.00
Francisca,Becerra,francisca.becerra@young.com.au,7000.00
Donatello,Millet,donatello.millet@fritsch.net,7000.00
Alwina,Textor,alwina.textor@poste.it,7000.00
Alain,Farmer,alain.farmer@hotmail.it,6900.00
Bozena,Schmitt,bozena.schmitt@vallet.com,6900.00
Margrit,Hooper,margrit.hooper@douglas.com,6900.00
Cory,Stewart,cory.stewart@voila.fr,6900.00
Devin,Ebert,devin.ebert@yahoo.fr,6900.00
Magarete,Valentin,magarete.valentin@yahoo.com,6800.00
Paulina,Miller,paulina.miller@lewis-barker.com,6800.00
Editha,Savage,editha.savage@davies.co.uk,6800.00
Ottone,Sullivan,ottone.sullivan@hussain-kaur.com,6800.00
Aurelio,Gertz,aurelio.gertz@hewitt.net,6700.00
Alexander,Pausini,alexander.pausini@gonzalez.info,6700.00
Marianne,Hubert,marianne.hubert@hotmail.com,6700.00
Ippazio,Angulo,ippazio.angulo@yahoo.com,6700.00
Samira,Bottaro,samira.bottaro@vasseur.fr,6700.00
Gelsomina,Migliaccio,gelsomina.migliaccio@junk.com,6600.00
Antonio,Gibson,antonio.gibson@faust.net,6600.00
Cristal,Mazzini,cristal.mazzini@gmail.com,6600.00
Melinda,Canova,melinda.canova@orange.fr,6600.00
Nancy,Hayes,nancy.hayes@hotmail.com,6600.00
Virginie,McLean,virginie.mclean@yahoo.com,6500.00
Pierre,Cardenas,pierre.cardenas@luzi-bonomo.eu,6500.00
Hazel,Pierce,hazel.pierce@outlook.com,6500.00
Agathe,Dias,agathe.dias@jackson.com,6500.00
Kaitlyn,Farinelli,kaitlyn.farinelli@outlook.com,6500.00
Yuridia,Fantozzi,yuridia.fantozzi@mcdonald.com,6400.00
Jack,Klapp,jack.klapp@hotmail.com.au,6400.00
Rufino,Gallegos,rufino.gallegos@webster-newton.co.uk,6400.00
Anastasie,Cadena,anastasie.cadena@live.com,6400.00
Pasquale,Tomasini,pasquale.tomasini@hotmail.co.uk,6400.00
Katherine,Cooley,katherine.cooley@yahoo.com,6300.00
Sandra,Hardy,sandra.hardy@web.de,6300.00
Stanley,Mills,stanley.mills@parker-lee.biz,6300.00
Beverley,Telesio,beverley.telesio@regnier.fr,6300.00
Jamie,Peacock,jamie.peacock@interiano-nordio.com,6300.00
Brianna,Hanson,brianna.hanson@stanley.com,6300.00
Jenna,Day,jenna.day@reed.com,6300.00
Caleb,Benavides,caleb.benavides@rubio.com,6300.00
Ivan,Accardo,ivan.accardo@web.de,6300.00
Gionata,Hussain,gionata.hussain@yahoo.com,6200.00
Shelley,Perry,shelley.perry@gierschner.de,6200.00
Francesca,Kade,francesca.kade@luna-rael.org,6200.00
Nicolas,Palacios,nicolas.palacios@meraz.com,6200.00
Danielle,Ladeck,danielle.ladeck@scalfaro.net,6200.00
Leah,Ornelas,leah.ornelas@gmail.com,6200.00
Paula,Canales,paula.canales@gilmore-guerrero.com,6200.00
Mehdi,Todd,mehdi.todd@web.de,6200.00
Lando,Gutierrez,lando.gutierrez@heser.com,6200.00
Eddie,Collazo,eddie.collazo@gmail.com,6200.00
Susanna,Bonneau,susanna.bonneau@klingelhoefer.de,6100.00
Ubaldo,Brown,ubaldo.brown@philippe.com,6100.00
Nayeli,Gehringer,nayeli.gehringer@hotmail.com,6100.00
Maria,Nguyen,maria.nguyen@hernadez.com,6100.00
Olivier,Petrucelli,olivier.petrucelli@letta-raurica.eu,6100.00
Silvester,Brookes,silvester.brookes@franco.org,6100.00
Carin,Pineau,carin.pineau@yahoo.com,6000.00
Justin,Luxardo,justin.luxardo@googlemail.com,6000.00
Jill,Barrios,jill.barrios@gmail.com,6000.00
Annie,Hunter,annie.hunter@allen.co.uk,6000.00
Anna,Freeman,anna.freeman@snyder.net,6000.00
Gottfried,Barbe,gottfried.barbe@hotmail.com,6000.00
Abelardo,Castro,abelardo.castro@gmail.com,6000.00
Alberto,Girschner,alberto.girschner@laboratorios.com,5900.00
Rolando,Bibi,rolando.bibi@tin.it,5900.00
Durante,Lindner,durante.lindner@picard.fr,5900.00
Austin,Musatti,austin.musatti@tin.it,5800.00
Ludovico,Cafarchia,ludovico.cafarchia@gmail.com,5800.00
Gavin,Proietti,gavin.proietti@gmx.de,5800.00
Katie,Andersen,katie.andersen@haney.com.au,5800.00
Mohammad,Hartung,mohammad.hartung@hotmail.com,5700.00
Rupert,Valle,rupert.valle@filogamo.it,5700.00
Joanna,Baxter,joanna.baxter@bruce-wright.com,5700.00
Michael,Descamps,michael.descamps@gmail.com,5700.00
Mandy,Weston,mandy.weston@free.fr,5700.00
Michela,Pruvost,michela.pruvost@holt.co.uk,5600.00
Gary,Armani,gary.armani@web.de,5600.00
Giacinto,Briggs,giacinto.briggs@yahoo.co.uk,5600.00
Chad,Turner,chad.turner@gmail.com,5600.00
Nico,Kaiser,nico.kaiser@almonte.com,5600.00
Reiner,Poerio,reiner.poerio@yahoo.com,5600.00
Leif,Monnier,leif.monnier@querini.it,5600.00
Rochus,Rousseau,rochus.rousseau@nguyen.com,5600.00
Giorgia,Dijoux,giorgia.dijoux@paul.com,5600.00
Guglielmo,Caldwell,guglielmo.caldwell@loeffler.com,5600.00
Pam,Vargas,pam.vargas@guillot.net,5500.00
Riza,Techer,riza.techer@yahoo.com,5500.00
Calcedonio,Remy,calcedonio.remy@edwards-benton.com,5500.00
Francisco,Dorsey,francisco.dorsey@tiscali.fr,5500.00
Evan,Schacht,evan.schacht@price.com,5500.00
Cilly,Gay,cilly.gay@callegaro.it,5500.00
Lore,Delaunay,lore.delaunay@yahoo.com,5500.00
Karl,Trevisani,karl.trevisani@anguissola.it,5500.00
Elliott,Herrmann,elliott.herrmann@hotmail.com.au,5400.00
Ellinor,Leclercq,ellinor.leclercq@gmail.com,5400.00
Phillip,Soliz,phillip.soliz@outlook.com,5400.00
Natalie,Lerma,natalie.lerma@boucher.com,5400.00
Pamela,Payne,pamela.payne@yahoo.com,5400.00
Eloisa,Pascarella,eloisa.pascarella@gmail.com,5400.00
Ludger,Naccari,ludger.naccari@ingram.biz,5400.00
Griselda,Carranza,griselda.carranza@krause.de,5300.00
Alicia,Cainero,alicia.cainero@yahoo.com,5300.00
Harry,Fouquet,harry.fouquet@ibarra-cooper.com,5300.00
Ferdi,Blackburn,ferdi.blackburn@christensen.net,5300.00
Renee,Merino,renee.merino@gmail.com,5300.00
Valerie,Ortega,valerie.ortega@tele2.it,5300.00
Margaret,Eigenwillig,margaret.eigenwillig@yahoo.com,5300.00
Tim,Bradley,tim.bradley@schlosser.de,5300.00
Ruby,Carriera,ruby.carriera@hotmail.it,5300.00
Guillermo,Larsen,guillermo.larsen@yahoo.com,5200.00
Siegrun,Mota,siegrun.mota@matthews-montoya.org.au,5200.00
Anel,Carpentier,anel.carpentier@klein-joseph.org,5200.00
Ria,Venier,ria.venier@murillo-estevez.com,5200.00
Herlinde,George,herlinde.george@free.fr,5200.00
Tatiana,Thompson,tatiana.thompson@hunt.net,5200.00
Carolina,Murray,carolina.murray@knight.com,5200.00
Aleksandr,Weiss,aleksandr.weiss@blanc.org,5200.00
Wolf,Lutz,wolf.lutz@nichols-jackson.com.au,5100.00
Nicole,Mccullough,nicole.mccullough@hall.com,5100.00
Deanna,Aporti,deanna.aporti@bouygtel.fr,5100.00
Eduardo,Delattre,eduardo.delattre@lynch.net.au,5100.00
Jessika,Meunier,jessika.meunier@gmx.de,5100.00
Camillo,Dehmel,camillo.dehmel@brown-campbell.com,5100.00
Esteban,Valdez,esteban.valdez@hotmail.com,5100.00
Angelica,Cuellar,angelica.cuellar@zaguri-bellucci.net,5100.00
Hanna,Reid,hanna.reid@salas.org,5100.00
Jutta,Burke,jutta.burke@elliott.com,5000.00
Alex,Smith,alex.smith@fournier.fr,5000.00
Paul,Palladio,paul.palladio@mclaughlin.net.au,5000.00
Heidelore,Kennedy,heidelore.kennedy@guinizzelli.org,5000.00
Tristan,Weeks,tristan.weeks@pena.com,5000.00
Natividad,Wong,natividad.wong@hoevel.com,5000.00
Dragica,West,dragica.west@yahoo.com.au,5000.00
Sevim,Begue,sevim.begue@yahoo.com.au,5000.00
Jo,Mccarty,jo.mccarty@hotmail.com,4900.00
Briana,Etienne,briana.etienne@bishop-coates.com,4900.00
Victor,Jacobs,victor.jacobs@young.com,4900.00
Robert,Bruder,robert.bruder@manzoni.com,4900.00
Manon,Daugherty,manon.daugherty@segre.com,4900.00
Marlen,Coardi,marlen.coardi@colletti.eu,4900.00
Edda,Ferraris,edda.ferraris@libero.it,4900.00
Tonino,Stanley,tonino.stanley@hotmail.com,4900.00
Barbara,Guibert,barbara.guibert@casares-sanches.com,4800.00
Ernest,Delorme,ernest.delorme@dowerg.de,4800.00
Mathew,Maestas,mathew.maestas@casas-garrido.com,4800.00
Shannon,Lefevre,shannon.lefevre@gmail.com,4800.00
Dario,Green,dario.green@live.com,4800.00
Gudrun,Mueller,gudrun.mueller@dillon-fuller.info,4700.00
David,Rudolph,david.rudolph@nelson.com,4700.00
Emma,Rios,emma.rios@yahoo.com.au,4700.00
Galasso,Junken,galasso.junken@yahoo.co.uk,4700.00
Martina,Heser,martina.heser@morellato.it,4700.00
Metin,Coulon,metin.coulon@ashley.com,4700.00
Auguste,Burnett,auguste.burnett@yahoo.fr,4600.00
Hector,Morrison,hector.morrison@web.de,4500.00
Katelyn,Cole,katelyn.cole@fiebig.com,4500.00
Gregory,Jackson,gregory.jackson@ortiz.com,4500.00
Kayla,Moon,kayla.moon@yahoo.de,4500.00
Gunhild,Carrillo,gunhild.carrillo@elliott-gilbert.org,4500.00
Denny,Fritz,denny.fritz@despacho.biz,4500.00
Oscar,Holsten,oscar.holsten@yahoo.com,4500.00
Rosalia,Toro,rosalia.toro@free.fr,4300.00
Etta,Gutknecht,etta.gutknecht@leconte.net,4300.00
Agnolo,Cedillo,agnolo.cedillo@laboratorios.biz,4300.00
Jeanette,Iannotti,jeanette.iannotti@yahoo.com,4200.00
Iris,Trincavelli,iris.trincavelli@tiscali.fr,4200.00
Lewis,Lewis,lewis.lewis@pisano.net,4200.00
Adriano,Wulf,adriano.wulf@schmidtke.net,4200.00
Lotti,Morris,lotti.morris@yahoo.co.uk,4200.00
Ricciotti,Laureano,ricciotti.laureano@parsons.com,4200.00
Abbie,Galeati,abbie.galeati@ubaldi.it,4200.00
Reina,Middleton,reina.middleton@hotmail.com,4200.00
Angela,Bowers,angela.bowers@laboratorios.com,4100.00
Wilfriede,Baca,wilfriede.baca@caraballo.com,4100.00
Federico,Marie,federico.marie@jourdan.fr,4100.00
Kornelius,Molina,kornelius.molina@heuser.com,4000.00
Wendy,Bustos,wendy.bustos@libero.it,4000.00
Graziella,Vidal,graziella.vidal@hotmail.com,4000.00
Dorothe,Paz,dorothe.paz@fiebig.de,4000.00
Yvette,Harding,yvette.harding@yahoo.co.uk,4000.00
Helen,Polanco,helen.polanco@hotmail.com,4000.00
Graziano,Jensen,graziano.jensen@gmail.com,3900.00
Mark,Trapanese,mark.trapanese@gmail.com,3900.00
Diana,Schuchhardt,diana.schuchhardt@libero.it,3900.00
Esmeralda,Sollima,esmeralda.sollima@visintini.it,3900.00
Leonardo,Guzman,leonardo.guzman@andreozzi-abba.com,3900.00
Elena,Jimenez,elena.jimenez@yahoo.com.au,3900.00
Imelda,Guerin,imelda.guerin@stumpf.net,3800.00
Fiorenzo,Bauer,fiorenzo.bauer@gmail.com,3800.00
Javier,Tessier,javier.tessier@mclaughlin.biz,3800.00
Patrick,Rosas,patrick.rosas@yahoo.com,3800.00
Lodovico,Conley,lodovico.conley@yahoo.com,3700.00
Bonnie,Cignaroli,bonnie.cignaroli@yahoo.com,3700.00
Walli,Albert,walli.albert@dussen.com,3700.00
Martino,Wagner,martino.wagner@laposte.net,3700.00
Edward,Scott,edward.scott@yahoo.com,3700.00
Vanesa,Khan,vanesa.khan@voila.fr,3700.00
Giacomo,Bouvet,giacomo.bouvet@gmail.com,3700.00
Carolyn,Charpentier,carolyn.charpentier@hotmail.de,3700.00
Danny,Farrell,danny.farrell@hotmail.com,3600.00
Tobias,Carbajal,tobias.carbajal@live.com,3600.00
Paulo,Zito,paulo.zito@nelson.biz,3600.00
Travis,Cowan,travis.cowan@turner.info,3600.00
Nathan,Jennings,nathan.jennings@kim.com,3600.00
Rosmarie,Esquibel,rosmarie.esquibel@bouygtel.fr,3600.00
Gordon,Vigorelli,gordon.vigorelli@solano.com,3600.00
Toni,Magrassi,toni.magrassi@gmail.com,3600.00
Morgan,Irizarry,morgan.irizarry@williams-harris.biz,3600.00
Marisol,Richard,marisol.richard@gmail.com,3500.00
Felix,Rubio,felix.rubio@ebert.de,3500.00
Alwine,Kostolzin,alwine.kostolzin@holloway.com,3500.00
Octavio,Pratt,octavio.pratt@web.de,3500.00
Romana,Blanchard,romana.blanchard@googlemail.com,3500.00
Mirjam,Dawson,mirjam.dawson@yahoo.com,3500.00
Valeria,Rich,valeria.rich@turchetta-mondadori.it,3500.00
Nanni,Almaraz,nanni.almaraz@martin.com,3500.00
Silvia,Gierschner,silvia.gierschner@tele2.it,3500.00
Ingolf,Zamora,ingolf.zamora@yahoo.com.au,3400.00
Daniela,Bell,daniela.bell@vollbrecht.org,3400.00
Ashley,Hellwig,ashley.hellwig@libero.it,3400.00
Francis,Bernier,francis.bernier@rodriguez.com,3400.00
Rosario,Jacques,rosario.jacques@yahoo.com,3400.00
Stanislaw,Montalvo,stanislaw.montalvo@mcpherson-hughes.info,3400.00
Homero,Respighi,homero.respighi@gmail.com,3400.00
Bernard,Durand,bernard.durand@royer.com,3400.00
Marie,Zoppetto,marie.zoppetto@kallert.de,3300.00
Antoine,Guyon,antoine.guyon@yahoo.com,3300.00
Christina,Besnard,christina.besnard@delorme.com,3300.00
Melissa,Canali,melissa.canali@libero.it,3300.00
Roland,Weihmann,roland.weihmann@gmail.com,3300.00
Hartwig,Roberts,hartwig.roberts@saraceno.net,3200.00
Leopoldo,Johnson,leopoldo.johnson@hotmail.com.au,3200.00
Luca,Moses,luca.moses@franke.de,3200.00
Petros,Gaona,petros.gaona@googlemail.com,3200.00
Maximilian,Siering,maximilian.siering@gaito-fornaciari.org,3200.00
Julio,Renner,julio.renner@industrias.net,3100.00
Jaqueline,Wallace,jaqueline.wallace@gmail.com,3100.00
Donatella,Burns,donatella.burns@yahoo.de,3100.00
Christelle,Blasi,christelle.blasi@morris-chan.com,3100.00
Brandi,Abbagnale,brandi.abbagnale@tele2.fr,3100.00
Tania,Chapman,tania.chapman@remy.com,3000.00
Giancarlo,Heydrich,giancarlo.heydrich@hotmail.com,3000.00
Joshua,Scheibe,joshua.scheibe@turci.org,3000.00
Mirco,Nicolini,mirco.nicolini@blin.net,3000.00
Mesut,Morvan,mesut.morvan@gmail.com,2900.00
Amico,Gosselin,amico.gosselin@shaw.info,2900.00
Clelia,Faulkner,clelia.faulkner@hotmail.com,2900.00
Regina,Morin,regina.morin@barcaccia.net,2900.00
Mary,Etzold,mary.etzold@conrad-harrison.com,2900.00
Raymond,Solorzano,raymond.solorzano@gmail.com,2900.00
Leone,Richardson,leone.richardson@yahoo.com,2800.00
Silvano,Blanchet,silvano.blanchet@yahoo.com,2800.00
Rodolfo,Couturier,rodolfo.couturier@tim.it,2800.00
Bryan,Ross,bryan.ross@yahoo.com,2800.00
Diethard,Salgado,diethard.salgado@gmail.com,2800.00
Arnaldo,Ocasio,arnaldo.ocasio@hotmail.com,2700.00
Flora,Harris,flora.harris@hotmail.com.au,2700.00
Marc,Aumann,marc.aumann@holland.com,2700.00
Isaac,Benard,isaac.benard@googlemail.com,2700.00
Pierangelo,Scholtz,pierangelo.scholtz@lefevre.com,2700.00
Nicolaus,Bernetti,nicolaus.bernetti@aol.de,2700.00
Sergio,Abbott,sergio.abbott@moore.net.au,2600.00
April,Davids,april.davids@fisher.info,2600.00
Irene,Anichini,irene.anichini@yahoo.com,2600.00
Romina,Valentine,romina.valentine@hotmail.com,2600.00
Scott,Gough,scott.gough@industrias.com,2600.00
Mauro,Ortiz,mauro.ortiz@oquendo.net,2500.00
Dionigi,Bruce,dionigi.bruce@industrias.com,2500.00
Xavier,Samson,xavier.samson@baggio.it,2500.00
Julia,Ali,julia.ali@yahoo.com,2400.00
Micaela,Martel,micaela.martel@hotmail.com,2400.00
Fidel,Ruppert,fidel.ruppert@yahoo.co.uk,2400.00
Albert,Legendre,albert.legendre@lee.com,2400.00
Leonard,Harvey,leonard.harvey@hotmail.com,2400.00
Gabriel,Robles,gabriel.robles@yahoo.com,2400.00
Juan,Wheeler,juan.wheeler@gilmore.net,2400.00
Brandy,Meraz,brandy.meraz@yahoo.com,2400.00
Gioele,Schwital,gioele.schwital@moody.com,2400.00
Daniel,Anders,daniel.anders@yahoo.com,2400.00
Rebeca,Frey,rebeca.frey@gerard.fr,2300.00
Adela,Alfonsi,adela.alfonsi@despacho.com,2300.00
Patricio,Guillon,patricio.guillon@web.de,2300.00
Sue,Corrales,sue.corrales@cardenas-serna.org,2300.00
Jeffery,Lacroix,jeffery.lacroix@medina.org,2300.00
Damien,Leger,damien.leger@dixon.biz,2300.00
Kristi,Grant,kristi.grant@yahoo.co.uk,2300.00
Giuliano,Bolzmann,giuliano.bolzmann@pacillo.it,2200.00
Ehrentraud,Puga,ehrentraud.puga@laboratorios.com,2200.00
Benito,Gritti,benito.gritti@gmail.com,2200.00
Caridad,Carr,caridad.carr@huhn.com,2100.00
Claudia,Bernard,claudia.bernard@mazzanti.it,2100.00
Sandro,Moran,sandro.moran@hotmail.de,2100.00
Lori,Fagotto,lori.fagotto@hill-anderson.com,2100.00
Michelle,Collier,michelle.collier@peruzzi.it,2100.00
Salvador,Gaillard,salvador.gaillard@yahoo.de,2100.00
Maurizio,Gute,maurizio.gute@knight.info,2100.00
Corey,Greggio,corey.greggio@johnson.org.au,2100.00
Guido,Krein,guido.krein@gmail.com,2000.00
Evelin,Odonnell,evelin.odonnell@ibarra.net,2000.00
Nadia,Travaglio,nadia.travaglio@colletti-broggini.com,2000.00
Gianpaolo,Massey,gianpaolo.massey@bouvier.com,2000.00
Laurie,Fibonacci,laurie.fibonacci@gmail.com,2000.00
Guenther,Armenta,guenther.armenta@free.fr,2000.00
Gabrielle,Ayala,gabrielle.ayala@hotmail.com,1900.00
Yeni,Tejada,yeni.tejada@olson.edu.au,1900.00
Alexandrie,Lambert,alexandrie.lambert@yahoo.com,1800.00
Adelgunde,Trevisan,adelgunde.trevisan@gmail.com,1800.00
Kathy,Zamorani,kathy.zamorani@hotmail.com,1800.00
Adam,Zavala,adam.zavala@guichard.fr,1800.00
Alma,Raymond,alma.raymond@tin.it,1800.00
Mitchell,Bachmann,mitchell.bachmann@suarez-cruz.com,1800.00
Lucrezia,Koch,lucrezia.koch@petit.com,1800.00
Alexa,Barillaro,alexa.barillaro@ramos.net,1800.00
Fridolin,Comboni,fridolin.comboni@graf.com,1800.00
Marcelle,Bender,marcelle.bender@edwards-robinson.info,1800.00
Marion,Lira,marion.lira@ifrance.com,1700.00
Gilbert,Cornejo,gilbert.cornejo@hotmail.com,1700.00
Eva,Francis,eva.francis@parker.org,1700.00
Cristian,Hale,cristian.hale@hotmail.co.uk,1700.00
Sophie,Antoine,sophie.antoine@andersen.com,1700.00
Lawrence,Vasari,lawrence.vasari@castillo.edu,1700.00
Frances,Garnier,frances.garnier@aporti-guidotti.org,1700.00
Laetitia,Gallet,laetitia.gallet@aubry.org,1700.00
Pierluigi,Taccola,pierluigi.taccola@gmx.de,1600.00
Serafina,Bonnin,serafina.bonnin@mendes.com,1600.00
Hansjoachim,Lettiere,hansjoachim.lettiere@hall-mcdaniel.net,1600.00
Jens,Graham,jens.graham@jones-buckley.com,1600.00
Lynn,Lawson,lynn.lawson@leclercq.com,1500.00
Ariana,Houston,ariana.houston@hotmail.it,1500.00
Gonzalo,Montes,gonzalo.montes@hotmail.com,1500.00
Ansaldo,Marks,ansaldo.marks@patel-odonnell.com,1500.00
Zachary,Vespucci,zachary.vespucci@industrias.com,1500.00
Kyle,Cunningham,kyle.cunningham@voila.fr,1500.00
Martin,Meyer,martin.meyer@davis.co.uk,1500.00
Mitzy,Junk,mitzy.junk@zaragoza.com,1400.00
Troy,Schmiedecke,troy.schmiedecke@picard.com,1400.00
Senta,Grassi,senta.grassi@hotmail.com,1400.00
Melanie,Leveque,melanie.leveque@fleury.net,1400.00
Elizabeth,Valdivia,elizabeth.valdivia@gmail.com,1400.00
Kirsten,Chindamo,kirsten.chindamo@carrillo-wall.com,1400.00
Trinidad,Vespa,trinidad.vespa@gmail.com,1400.00
Mariana,Ellis,mariana.ellis@rossi.org,1400.00
Georges,Richards,georges.richards@macdonald.com,1400.00
Guarino,Escalante,guarino.escalante@hotmail.com,1400.00
Cheryl,Boyd,cheryl.boyd@segni.it,1400.00
Miranda,Lacombe,miranda.lacombe@longoria-vanegas.net,1400.00
Jasmine,Juvara,jasmine.juvara@yahoo.com.au,1300.00
Liberto,Niemeier,liberto.niemeier@germano-dibiasi.it,1300.00
Jacques,Heidrich,jacques.heidrich@zamudio-chapa.com,1300.00
Ann,Peron,ann.peron@grupo.biz,1300.00
Rosie,Peltier,rosie.peltier@voila.fr,1300.00
Elliot,Santana,elliot.santana@gmx.de,1300.00
Hugues,Oliver,hugues.oliver@stiffel.com,1300.00
Reece,Valencia,reece.valencia@laboy-palomo.com,1200.00
Theres,Antonioni,theres.antonioni@hotmail.com,1200.00
Gloria,Morton,gloria.morton@outlook.com,1200.00
Holly,Negrete,holly.negrete@hotmail.com,1100.00
Elisa,Barkholz,elisa.barkholz@sfr.fr,1100.00
Elaine,Patterson,elaine.patterson@rose-morris.org,1100.00
Abigail,Foster,abigail.foster@taylor.net,1100.00
Debbie,Guilbert,debbie.guilbert@berg.edu,1100.00
Mario,Rees,mario.rees@gmx.de,1000.00
Gianna,Carroll,gianna.carroll@perez.com,1000.00
Leonor,Ferreira,leonor.ferreira@gmail.com,1000.00
Roger,Gerlach,roger.gerlach@may-mitchell.co.uk,1000.00
Edeltrud,Boyer,edeltrud.boyer@outlook.com,1000.00
Claudine,Rowley,claudine.rowley@industrias.com,1000.00
Flavia,Yoder,flavia.yoder@hotmail.de,1000.00
Julien,Miles,julien.miles@stevens-rose.com,900.00
Rose,Blanc,rose.blanc@grupo.com,900.00
Vanessa,Tschentscher,vanessa.tschentscher@mitchell.com,900.00
Amy,Georges,amy.georges@raedel.de,900.00
Sally,Raya,sally.raya@tarchetti.it,900.00
Denise,Wood,denise.wood@mantegna.com,900.00
Mercedes,Trujillo,mercedes.trujillo@aol.de,900.00
Alberico,Herve,alberico.herve@beer.net,900.00
Ashleigh,Montez,ashleigh.montez@perry-schneider.com,900.00
Lucy,Davidson,lucy.davidson@tele2.it,900.00
Kathryn,Hentschel,kathryn.hentschel@shaw.com,900.00
Clara,Armstrong,clara.armstrong@vodafone.it,800.00
Margaretha,Murialdo,margaretha.murialdo@meunier.com,800.00
Geoffrey,Williams,geoffrey.williams@poste.it,800.00
Craig,Jordan,craig.jordan@gmail.com,800.00
Brigitte,Stiebitz,brigitte.stiebitz@gmail.com,800.00
Serena,Piacentini,serena.piacentini@yahoo.de,800.00
Rudolf,Jenkins,rudolf.jenkins@hotmail.com,800.00
Rouven,Ovadia,rouven.ovadia@gmail.com,700.00
Alison,Morales,alison.morales@lewis.com,700.00
Chelsea,Verdugo,chelsea.verdugo@campbell.com,700.00
Edeltraud,Chavez,edeltraud.chavez@hotmail.com.au,700.00
Alan,Pineda,alan.pineda@proyectos.info,700.00
Alfred,Pohl,alfred.pohl@fechner.net,700.00
Lothar,Laurent,lothar.laurent@garcia.com.au,700.00
Greca,Ruiz,greca.ruiz@carr.co.uk,700.00
Gaetano,Leonardi,gaetano.leonardi@despacho.com,600.00
Lucas,Austin,lucas.austin@gmail.com,600.00
Greco,Walker,greco.walker@yahoo.com,600.00
Kaylee,Hoffmann,kaylee.hoffmann@poulain.com,600.00
Jonathan,Castellitto,jonathan.castellitto@libero.it,600.00
Roy,Fox,roy.fox@tejeda.com,100.00
Fiona,Griffiths,fiona.griffiths@curatoli-verdone.it,100.00
Rico,Mortati,rico.mortati@faivre.fr,100.00
Julie,Coles,julie.coles@hotmail.fr,100.00
Rosl,Lamborghini,rosl.lamborghini@hiller.net,100.00
Bethany,Hartmann,bethany.hartmann@yahoo.com,100.00
Odette,Moore,odette.moore@hall.edu,100.00
Benjamin,Schultz,benjamin.schultz@rivero-davila.com,100.00
Brigitta,Shaw,brigitta.shaw@hotmail.co.uk,100.00
Nicholas,Christian,nicholas.christian@hotmail.de,100.00
Suzanne,Benigni,suzanne.benigni@mennea-morlacchi.com,100.00
Uberto,Steele,uberto.steele@outlook.com,100.00
Mirjana,Collins,mirjana.collins@hotmail.com,100.00
Cecilia,Velasco,cecilia.velasco@rodrigues.fr,100.00
Rembrandt,Liguori,rembrandt.liguori@davis.org,100.00
Israel,Watkins,israel.watkins@hotmail.com,100.00
Augusto,Vercelloni,augusto.vercelloni@club-internet.fr,100.00
Vincenza,Key,vincenza.key@adams.com,100.00
Sabine,Lachmann,sabine.lachmann@phillips.org,100.00
Dale,Leblanc,dale.leblanc@stewart.com,100.00
